label,text
1,Dog shake cat.
1,Student climb ship.
1,Pipe vent vapor.
0,Chef burn air.
0,Boat crush air.
1,Knife sharpen glass.
1,Screwdriver fix door.
1,Stick hook purse.
0,Elephant shake smoke.
1,Woman cook turkey.
1,Mayor jail person.
1,Man film shirt.
1,Man crush child.
0,Cat lick cloud.
0,Crab move gorilla.
0,Leaf attach rope.
1,Oven cook steak.
1,Dog squash grape.
1,Elephant pull house.
1,Woman erect pen.
0,Water poison rock.
0,Bottle ejaculate book.
1,Man grab apple.
1,Dog close door.
1,Dog pull rope.
0,Rabbit clench lion.
1,Policeman bend lamp.
1,Oil dampen trash.
0,Wall hook fish.
0,Air warm log.
0,Oil lengthen brick.
0,Wind scratch arm.
1,Ant bite man.
1,Neck hang necklace.
0,Policeman halt oil.
0,Kangaroo kick oil.
1,Policeman cook dolphin.
1,Man shove infant.
0,Horse breed cow.
1,Man erect bug.
1,Knife sever rabbit.
0,Rabbit exhale pebbles.
0,Man lengthen rock.
0,Wind strike car.
0,Knife trim skyscraper.
1,Wolf haul cat.
0,Pillow smash table.
1,Rabbit eat banana.
1,Scissors clench purse.
1,Girl whisk egg.
0,Monkey vent cream.
1,Squid grab hand.
1,Bowl spill water.
1,Chair attack clown.
0,Sand beat dollar.
1,Man build deck.
1,Girl cook fish.
1,Cleaver slash bush.
0,Elephant haul book.
0,Sword slice smoke.
1,Boy pluck apple.
1,Student knit carpet.
1,Knife etch rock.
1,Elephant slide boat.
1,Student crop plant.
0,Pen pour juice.
1,Knife slice dough.
1,Spatula mince paper.
1,Sword hurt leg.
1,Child slide cup.
1,Freezer cool oil.
1,Man pack purse.
0,Cup pour cloud.
0,Barber pack ship.
0,Book cool table.
0,Ant clench closet.
1,Cat bite turtle.
1,Hands dig dirt.
1,Rock slam table.
1,Hand grasp handle.
0,Mole bury rain.
0,Glue fuse water.
0,Feather attack air.
1,Monkey grasp cup.
1,Spatula cook egg.
0,Student bury water.
1,Bowl dump water.
0,Child pack truck.
1,Shovel peel orange.
0,Pen pierce car.
0,Girl bury rain.
1,Clown drive car.
0,Ant lift dumbbell.
1,Man grab ham.
0,Bear wrestle rock.
0,Ant pet cat.
1,Horse tug car.
1,Rope yank chair.
1,Child spill cream.
1,Bird stretch snake.
1,Man open bottle.
0,Man construct sand.
1,Pen etch grape.
1,Grandma knit wool.
1,Scissors trim monkey.
1,Cake hit closet.
1,Desk hit ball.
0,Nose chafe milk.
1,Cloth rub meat.
0,Ant seize car.
0,Eraser erase water.
1,Food poison bird.
1,Elephant shake house.
0,Ant punch wall.
0,Tissue rip paper.
1,Stick draw house.
1,Policeman open window.
1,Child snatch paper.
1,Man knead pillow.
0,Desk hit cloud.
1,Spatula drain pond.
1,Sword slice pencil.
1,Rug mask hand.
0,Child grip water.
1,Sign halt boat.
0,Elephant tug pin.
1,Mouth squirt sand.
1,Hand hurl bag.
0,Elephant fill cup.
0,Man fix cream.
0,Pillow flatten car.
0,Smoke hit wool.
0,Bag contain dolphin.
1,Soil absorb oil.
0,Girl chew laptop.
1,Person chafe chef.
0,Clown clench air.
1,Cat lift rabbit.
0,Ant kiss girlfriend.
1,Dog exhale fume.
0,Camel enter cup.
0,Hand scrape pebbles.
1,Ship capsize boat.
1,Cat knead mud.
1,Robot attach tape.
0,Worm drag turtle.
0,Bowl hold dog.
1,Tube ejaculate water.
0,Horse knit wool.
0,Wind draw picture.
1,Hand grope curtain.
0,Boy punch vapor.
0,Oven chill cake.
1,Cat stomp ant.
1,Spoon etch wall.
1,Hat clean slate.
0,Purse break dumbbell.
0,Woman construct air.
1,Infant scrape table.
0,Elephant stroke pea.
0,Pillow damage rock.
0,Tree punch oxygen.
0,Ant mask face.
1,Monkey puff smoke.
0,Chef halt oil.
1,Spatula sever paper.
0,Bush chill tree.
0,Man knead knife.
1,Clown breed elephant.
1,Woman pack cake.
0,Milk wet lake.
1,Needle knit rug.
1,Hand clench bird.
1,Bear destroy cup.
1,Spatula catch beans.
1,Hand tap floor.
1,Girl toss pizza.
0,Ice freeze fire.
0,Dog damage hill.
0,Air feed man.
1,Cloth mask table.
0,Worm spin dumbbell.
0,Rabbit chop bush.
0,Ant tackle rabbit.
1,Rabbit hug dog.
1,Knife trim arm.
1,Rain dampen man.
0,Claw rip water.
0,Water cut man.
1,Hand hurl purse.
1,Fire heat girl.
1,Rope yank closet.
1,Wrench fix car.
0,Hair cool air.
0,Chair rub rain.
1,Monkey eat banana.
0,Girl grope oil.
0,Pancake flatten car.
0,Man fold pebbles.
0,Finger tap water.
1,Man count dog.
0,Cat whisk sauce.
1,Clown vomit pebbles.
0,Man drop car.
0,Cloud flatten moon.
0,Shovel dig air.
0,Man drain air.
0,Worm stomp grape.
0,Man strike air.
1,Ice freeze pebbles.
0,Elephant cook egg.
0,Butterfly catch horse.
0,Dog draw laptop.
1,Man ride bike.
1,Leopard drink water.
1,Dog eat rabbit.
0,Water dampen oil.
0,Knife sever rock.
1,Officer jail dentist.
1,Boy punch girl.
1,Stick sever paper.
0,Gorilla climb rabbit.
0,Finger hook train.
0,Man seize elephant.
0,Spoon bite dog.
1,Stove burn turtle.
1,Monkey slam cup.
1,Glue fuse monkey.
0,Girl close rock.
0,Man tackle lion.
1,Clown pack water.
1,Cat pluck leaf.
1,Rock crash cup.
1,Car cover grape.
0,Ant kiss elephant.
1,Ant seize pea.
1,Engineer build shelf.
0,Elephant spin air.
0,Man create air.
0,Elephant yank pin.
1,Cat pluck flower.
0,Pin pour juice.
1,Freezer chill juice.
0,Dog fish elephant.
0,Woman knit cup.
1,Monkey kick chef.
1,Rock strike table.
0,Cow open cream.
1,Girl crush infant.
0,Chef cook air.
0,Water wet ocean.
1,Arrow pierce paper.
0,Butterfly swallow pillow.
1,Girl beat dentist.
0,Woman peel key.
1,Chef jail dog.
0,Coal attack air.
1,Oven bake cake.
1,Pebbles build skyscraper.
0,Dolphin ride bike.
1,Girl catch dentist.
1,Infant draw pumpkin.
0,Girl cook spatula.
1,Cat knead cream.
1,Ape kiss wolf.
1,Man drive van.
1,Stick rip shirt.
0,Man fold lion.
0,Dog attach paper.
1,Eraser erase stain.
0,Chef exhale oil.
1,Monkey stretch dough.
0,Wind dampen rain.
0,Child haul ant.
1,Knife chop tree.
0,Dog haul wind.
1,Monkey open closet.
0,Dog stomp boat.
0,Student grab stairs.
1,Crab attack wolf.
0,Man hug ant.
1,Skyscraper contain gorilla.
1,Man strike purse.
1,Clown burn oil.
1,Gorilla chew apple.
0,Elephant heave pen.
0,Pin freeze fire.
0,Knife mince water.
0,Man crush pillow.
0,Chef attack rock.
0,Child wear pumpkin.
1,Spatula scrape board.
0,Clown sew paper.
1,Dog grope curtain.
0,Child dump mountain.
0,Bear smash water.
0,Cream open window.
0,Tree vent smoke.
0,Elephant tick worm.
1,Sword sharpen log.
1,Rock curb bike.
1,Girl dump cake.
0,Room vent rock.
0,Elephant clean shirt.
0,Hand spin house.
0,Finger hang mud.
1,Girl sew rug.
1,Monkey pluck graph.
0,Spatula scrape air.
1,Mallet flatten dough.
1,Needle knit cloth.
1,Woman pack trash.
1,Backpack contain cat.
0,Brick kill table.
1,Pebbles chafe nail.
0,Rope yank water.
1,Smoke mask laptop.
1,Fire heat man.
0,Dog chafe oil.
1,Hand stretch rope.
0,Air dig sand.
0,Water tick horse.
1,Hand rip book.
1,Wall halt girl.
0,Tree kick chair.
1,Soil bury remote.
1,Girl burn shirt.
0,Pillow scratch toe.
0,Monkey breed dolphin.
0,Hand puff smoke.
1,Pin pierce cheese.
0,Rice rip paper.
1,Knife trim pencil.
0,Man burn water.
1,Clown grope arm.
0,Girl capsize lion.
1,Pin hook fish.
0,Monkey breed pebbles.
0,Paper absorb sunlight.
0,Girl dampen air.
1,Goat eat steak.
1,Bottle ejaculate soda.
1,Policeman close window.
0,Ant squash pumpkin.
0,Infant lift elephant.
1,Scissors sever arm.
1,Bear attack turtle.
0,Chef catch air.
0,Chair scratch oil.
0,Rabbit chew diamond.
1,Nose puff oxygen.
0,Hand seize water.
0,Worm pet cat.
0,Knife clip pebbles.
1,Worm enter skyscraper.
1,Horse wear necklace.
1,Woman punch wolf.
0,Wool slash paper.
0,Worm heave pumpkin.
1,Man seize child.
0,Dog yank butterfly.
0,Man enter cup.
1,Engineer create pottery.
0,Rock puff smoke.
1,Man poke bread.
0,Air build bush.
0,Finger rub smoke.
1,Crane lift log.
1,Dog pet rabbit.
0,Fish shove child.
1,Zebra kill man.
0,Stick sever table.
0,Ant squash grape.
1,Hand hold pen.
1,Elephant pull boat.
0,Stick shove oil.
0,Woman grab oil.
1,Boy punch woman.
0,Girl grab stairs.
0,Man tear tree.
1,Cup pour milk.
0,Gas drag boat.
1,Chef clip hair.
0,Woman eat shovel.
1,Sword slice tree.
0,Rope attach turtle.
0,Bat strike water.
1,Water dampen beans.
1,Stove heat air.
0,Faucet squirt key.
0,Bear pet water.
0,Rabbit erect house.
1,Hand spin bottle.
0,Man wrestle worm.
0,Shovel peel cream.
1,Rope drag garbage.
0,Rain rub meat.
0,Dog draw computer.
1,Ship vent air.
1,Chef count beans.
1,Knife crop pillow.
1,Table rub shirt.
0,Woman smash skyscraper.
1,Needle hook fish.
1,Clown whisk milk.
0,Pillow etch pebbles.
1,Monkey rotate dog.
1,Truck move tree.
0,Spoon bend rock.
1,Woman choke rabbit.
0,Cat damage lake.
1,Hand rotate pen.
1,Boy punch bus.
1,Room vent smoke.
0,Woman climb dog.
0,Girl ride pin.
0,Ice warm food.
1,Dad clean plate.
0,Lion bend mountain.
0,Man knead scissors.
0,Worm pluck pumpkin.
1,Stick shove bear.
1,Wind chill student.
1,Lion cover infant.
1,Knife trim string.
1,Gorilla lick hand.
0,Infant choke gorilla.
0,Barber pack skyscraper.
1,Man tear apple.
0,Woman flip water.
1,Rock attack people.
0,Woman count air.
1,Dog haul cat.
1,Needle poke sink.
1,Woman slide ice.
0,Butterfly slide pebbles.
0,Bush lick frosting.
0,Child roll flour.
0,Bone fracture mud.
1,Chef grasp shirt.
1,Cat steal cloth.
0,Chef close leaf.
0,Cloth erase wind.
0,Cat stomp boat.
1,Dog yank trash.
0,Lake halt boat.
0,Sun chill fire.
0,Tube squirt spatula.
0,Worm film man.
1,Girl close book.
0,Bag bake chair.
0,Infant clench skyscraper.
1,Scissors clip magazine.
0,Rope fasten air.
0,Gorilla ride bowl.
0,Dentist drain rock.
0,Dagger mince vapor.
0,Glue fuse wind.
0,Student bury smoke.
1,Stick scratch arm.
0,Man drain ocean.
0,Ant slam door.
0,Shovel flip hill.
1,Dentist sew mittens.
0,Raft capsize ship.
0,Butterfly move gorilla.
0,Pen pierce flour.
0,Claw rip mud.
1,Glass damage hand.
0,Man fix water.
1,Tree hang necklace.
1,Girl vomit pea.
0,Women kiss air.
0,Rabbit drive train.
0,Rock slam lake.
0,Cat kick air.
1,Bush bury rice.
0,Food poison laptop.
1,Elephant rotate bowling.
0,Child pull air.
0,Pebbles crash shirt.
0,Smoke poison banana.
0,Cloth mask skyscraper.
0,Elephant squash water.
0,Woman tug paper.
0,Man flip wind.
0,Man build woman.
1,Bottle spill rice.
1,Woman drop pin.
0,Man roll car.
1,Spider poison dolphin.
0,Man swallow desk.
0,Pipe pour legos.
0,Hand grasp oil.
0,Child fish fire.
0,Child whisk spatula.
1,Elephant choke policeman.
1,Spoon slash paper.
0,Bowl hold gorilla.
1,Clown smash cat.
1,Rock damage table.
0,Wrench fix wolf.
1,Clown shake car.
0,Girl swallow desk.
0,Beak tap smoke.
1,Pin etch house.
1,Mallet flatten pumpkin.
0,Woman fish house.
1,Water dampen purse.
1,Dog destroy pillow.
1,Rock etch building.
1,Child wear shirt.
1,Sun heat water.
0,Oil rub mud.
0,Chef cook wind.
0,Victim attack rock.
1,Chef breed dog.
0,Lion squash water.
0,Dolphin poison chair.
0,Jaw crush rock.
0,Milk slam cup.
0,Rabbit hug smoke.
0,House eat man.
0,Bug fish shark.
0,Ant drive car.
0,Ant hook stick.
1,Worker build school.
0,Girl pluck truck.
1,Student pack water.
1,Oil dampen house.
1,Wolf stomp chair.
1,Skyscraper crash laptop.
1,Bone fracture ice.
1,Man grope stranger.
1,Car hurl truck.
0,Air dig mud.
1,Elephant haul truck.
0,Gorilla grab air.
0,Wool freeze smoke.
0,Pillow tear shirt.
0,Sponge absorb sunlight.
1,Barber pack book.
0,Beak scratch oil.
0,Boy punch oil.
1,Club crush egg.
1,Saw mince meat.
1,Man stomp spoon.
0,Finger tap milk.
0,Police hold ship.
0,Boy punch smoke.
0,Person grope fire.
1,Baker bite cake.
0,Knife tear rock.
1,Elephant stomp girl.
0,Pebbles strike cloud.
1,Elephant tackle bus.
0,Bottle contain elephant.
1,Ice freeze dog.
1,Hand tap scooter.
0,Cloud flatten cup.
1,Toe push basketball.
1,Glue attach note.
1,Ac cool water.
0,Dog steal elephant.
0,Knife slice vapor.
0,Hand pierce worm.
0,Ant hug atom.
1,Woman construct puzzle.
0,Nail scratch air.
0,Pillow peel banana.
0,Scissors etch water.
0,Smoke freeze water.
1,Zebra kill dolphin.
0,Paper sever dough.
1,Finger tick cat.
1,Man grab grape.
0,Gas draw illustration.
0,Elephant enter bowl.
0,Cat breed cow.
0,Dog burn ham.
0,Chair hit cloud.
0,Girl fix air.
1,Ant lift pin.
0,Tongue lick smoke.
0,Dirt clean room.
1,Man breed cat.
1,Rope hook stick.
0,Air halt traffic.
0,Woman drink cup.
0,Ball hurl trolley.
1,Pillow mask infant.
1,Ant tackle ant.
1,Girl leak blood.
0,Smoke hit pillow.
0,Oil wet water.
1,Cream attach sticker.
0,Table drink beer.
1,Purse contain scissors.
0,Dentist tear knife.
0,Knife poke air.
1,Cat flip pin.
0,Man breed water.
1,Girl sew blanket.
1,Cat vomit ant.
0,House poke sink.
0,Lion swallow house.
1,House leak gas.
1,Boat cover scissors.
0,Ant spin scissors.
0,Knife smash bone.
1,Man strike dog.
1,Monkey peel apple.
1,Dog shake monkey.
0,Stick hang water.
1,Infant count pebbles.
0,Rock strike cloud.
0,Pillow etch rock.
1,Chef burn cake.
0,Man capsize house.
0,Elephant hug water.
1,Hands drag log.
1,Man whisk gravy.
1,Elephant toss boat.
0,Tree punch dog.
1,Hand rip rug.
0,Butterfly tug table.
1,Chef fold paper.
0,Man push oil.
1,Dentist erect cake.
0,Bowl spill paper.
1,Man push chair.
0,Cream freeze fire.
1,Woman grasp shirt.
1,Son catch thief.
1,Scissors erase text.
0,Ant hold earplug.
1,Mud feed worm.
0,Air cut water.
1,Oil wet car.
1,Hook fish chair.
0,Child throw vapor.
0,Rabbit drop elephant.
0,Hand peel pebbles.
0,Kid squash table.
1,Man swallow pill.
0,Spatula flatten tire.
0,Worm roll log.
0,Woman knit book.
1,Arrow pierce tongue.
1,Chef slam door.
0,Student count water.
0,Policeman hold boat.
1,Bullet pierce cheese.
1,Panda choke dolphin.
0,Oil close bottle.
0,Snow warm wool.
1,Monkey peel tree.
0,Dog fry meat.
1,Man grab bike.
0,Calculator count water.
1,Man breed fish.
1,Man rub pen.
0,Shirt peel banana.
0,Water crash house.
1,Oil wet house.
0,Wolf toss elephant.
0,Policeman cook stove.
1,Policeman hold scissors.
0,Bear smash rust.
0,Pillow crash bike.
0,Woman cook beer.
1,Bird fish boot.
0,Straw bend body.
1,Lion roll rock.
1,Girl dig sand.
1,Mallet damage house.
1,Stove cook monkey.
0,Dog close chair.
0,Fish throw elephant.
0,Girl toss bear.
0,Child grasp smoke.
0,Rabbit bend table.
1,Gorilla puff vapor.
0,Bug drag cat.
1,House absorb rain.
1,Lion heave log.
0,Man kick moon.
1,Pin slash skin.
0,Man carry elephant.
1,Mayor jail clown.
0,Ant wrestle student.
1,Man toss shirt.
1,Lion vomit mud.
0,Grass dig dirt.
0,Mouth puff water.
1,Hand lengthen rabbit.
1,Girl wrestle student.
1,Bird fish pumpkin.
0,Student clench air.
1,Barber pack laptop.
1,Monkey roll log.
1,Dog tick monkey.
0,Elephant rotate desert.
0,Spider poison box.
0,Butterfly wear carpet.
0,Turtle breed dog.
1,Horse yank wolf.
1,Horse flip cat.
1,Chef open bottle.
0,Rock fracture shirt.
0,Bottle ejaculate man.
1,Woman knit sweater.
1,Chef punch wall.
0,Worm swallow book.
0,Branch slash cleaver.
1,Chef rub pen.
1,Arms drag bag.
0,Pillow cut bread.
1,Spoon rip dough.
1,Scissors trim pillow.
1,Clown clean boat.
1,Kid construct chair.
1,Child chew toothpick.
0,Student eat lake.
1,Flea bite dog.
1,Cat lick frosting.
1,Woman fix wheel.
1,Monkey steal shirt.
1,Scissors attack policeman.
0,Worm move cat.
1,Horse tug dumbbell.
1,Bear carry cable.
1,Car cover food.
1,Mud mask face.
0,Ac cool fire.
1,Monkey close door.
0,Cup chop scissors.
0,Table heat food.
1,Mud fill sink.
1,Cat swallow pin.
1,Wood knead flour.
0,Acid beat coal.
1,Man shake door.
0,Cat flip man.
1,Cat destroy shirt.
1,Air chill lion.
0,Scissors dump house.
0,Horse fill cup.
0,Wool chafe milk.
0,Cat knead elephant.
1,Chef exhale air.
0,Air knead hay.
0,Water pierce tongue.
0,Man bite water.
0,Bug catch dog.
0,Nail fasten rain.
0,Knife slice rock.
1,Hand fasten rabbit.
0,Water slam cup.
0,Wolf jail cake.
0,Sword hurt skyscraper.
1,Woman enter room.
0,Pipe puff window.
1,Laptop count cup.
0,Child sew boat.
1,Milk wet sand.
1,Ape kiss remote.
1,Child spin dog.
1,Sun heat rust.
1,Man hurl monkey.
0,Air dig ground.
0,Pipe ejaculate wind.
1,Dog lick hand.
0,Paper flatten cake.
1,Dog tackle rabbit.
0,Monkey steal mountain.
1,Woman create child.
0,Hand rip table.
1,Train crash computer.
0,Elephant yank pea.
0,Wood fracture rock.
0,Milk wet pond.
1,Man tick elephant.
0,Dog yank ant.
0,Man drink ocean.
1,Child roll wheels.
0,Mud tap cloud.
0,Knife sharpen shirt.
0,Student climb water.
0,Lion construct cat.
0,Truck haul pin.
1,Crow snatch beans.
0,Man leak wind.
0,Boat hurl house.
1,Dog yank shirt.
0,Air knead cake.
1,Chainsaw trim tree.
0,Neck hang train.
1,Stick shove snake.
0,Shirt mince bread.
1,Chef grip bread.
0,Man spill rock.
1,Knife damage pillow.
1,Elephant stroke tree.
1,Dog climb stairs.
0,Ice freeze smoke.
1,Infant draw bear.
1,Sword fracture glass.
1,Ant seize pin.
1,Dog stretch dough.
0,Gorilla fry meat.
1,Water dampen cloth.
1,Hand seize book.
1,Policeman halt bowling.
1,Dentist capsize ship.
1,Screwdriver fix house.
0,Cotton slash paper.
1,Banker count egg.
1,Elephant roll rock.
1,Chef peel skin.
0,Ant tug table.
1,Cow open wardrobe.
1,Cat steal turtle.
1,Clown chop cream.
1,Coach cut bread.
1,Horse tackle man.
0,Dog choke bear.
0,Water mask hand.
1,Boat flatten cup.
1,Feather tick horse.
0,Man fish air.
0,Knife erase pond.
1,Finger scratch mud.
1,Man clip grass.
1,Baby pet cat.
0,Water close door.
0,Rock hit fire.
1,Brick hurt wolf.
1,Shovel erase mud.
0,Scissors clip rock.
0,Hand wear wool.
1,Stove bake dolphin.
1,Horse tackle turtle.
1,Man slam window.
1,Cat flip egg.
1,Pen sever cloth.
0,Ant shake door.
1,Hose squirt juice.
1,Stove warm foot.
0,Fire crop pants.
0,Worm shake door.
0,Paper absorb sand.
1,Hand throw cat.
0,Girl curb smoke.
0,Foot squash plane.
1,Cloth erase cream.
1,Finger tap plane.
1,Chisel scrape table.
0,Fox snatch lion.
0,Cake feed arm.
0,Mouth puff mud.
0,House contain wind.
0,Child shake house.
1,Pin sever dough.
1,Scissors destroy shirt.
1,Truck move pebbles.
0,Cat wrestle leaf.
0,Elephant push needle.
0,Girl drive elephant.
0,Girl clip oil.
0,Purse contain lion.
1,Brother heave bag.
0,Dog stomp man.
0,Pumpkin chop bike.
0,Pillow cover vehicle.
0,Oil dampen rain.
0,Straw bend egg.
0,Lion fix car.
0,Smoke open window.
1,Ant tug leaf.
0,Rock sharpen water.
1,Policeman sew curtain.
1,Plane squash house.
1,Glue fuse chair.
1,Clown close house.
1,Girl clench bike.
1,Woman grip cloth.
0,Knife trim house.
1,Child jail rabbit.
0,Cat strike pond.
0,Hand grip stove.
0,Wool build laptop.
0,Elephant breed gorilla.
0,Rabbit erect building.
1,Monkey slide pebbles.
0,Child snatch car.
0,Claw seize air.
0,Rope sew dress.
1,Goat eat rice.
0,Monkey hug pen.
1,Knife pierce board.
1,Scissors pierce board.
1,Dolphin kiss egg.
0,Nail scratch smoke.
0,Horse throw elephant.
0,Dog jail dolphin.
0,Sun cool water.
0,Dog lick wind.
0,Scissors scrape oil.
0,Dog climb cake.
1,Dog ride monkey.
0,Vapor wet ocean.
0,Woman eat wind.
0,Dog fold chair.
1,Arm fasten man.
0,Worm bake cake.
0,Wolf tackle elephant.
0,Man chew desk.
0,Man slide bus.
1,Air cool house.
0,Mud clean room.
0,Pipe puff sand.
1,Boat vent air.
1,Man hug child.
1,Car cover face.
1,Gorilla close stove.
1,Child whisk dust.
0,Ant build frame.
0,Car push leaf.
1,Tape fuse stick.
0,Stick rip pebbles.
1,Pencil hang shirt.
0,Girl kill book.
1,Spatula rip dough.
1,Girl damage cup.
0,Ant hook mud.
0,Camel fill bowl.
0,Hand stroke cloud.
0,Clown drain air.
1,Ice freeze water.
0,Brick crash pillow.
0,Woman tug leaf.
0,Ant stretch pillow.
0,Wolf haul ant.
1,Closet chafe girl.
1,Pebbles attach sticker.
1,Bear hug table.
1,Spoon etch wheel.
1,Knee chafe dog.
0,Butterfly open rock.
0,Finger hang oil.
0,Woman drop wind.
0,Dog film sofa.
0,Dog jail person.
1,Cake feed clown.
1,Man beat boxer.
0,Child shake skyscraper.
0,Rabbit hug air.
0,Woman clip dog.
1,Tiger heave door.
0,Man fold elephant.
0,Woman drop gas.
0,Monkey shake elephant.
0,House capsize ship.
0,Bottle leak bowl.
0,Rock hurl trolley.
0,Bullet pierce ant.
0,Sword slash water.
1,Axe chop lettuce.
0,Smoke freeze wolf.
1,Vapor wet car.
1,Hand pierce leaf.
0,Tree kick table.
1,Knife crop shirt.
1,Dog drop spatula.
0,Faucet squirt pumpkin.
1,Rock flatten shirt.
0,Hand rotate milk.
1,Bottle leak water.
1,Hose squirt milk.
1,Finger close oven.
0,Neck hang boat.
1,Hand grasp paper.
1,Cloth erase dirt.
1,Rope stroke cat.
0,Tube ejaculate laptop.
1,Child pull boat.
1,Child chew gum.
0,Dolphin lick wind.
0,Rabbit bake turkey.
1,Chef film cake.
0,Student carry air.
0,Stick slam oil.
0,Chair build lake.
0,Man rub water.
1,Child fix laptop.
0,Hand tear table.
0,Elephant roll house.
0,Bottle spill air.
1,Water feed horse.
0,Chef fry cream.
0,Child jail cake.
0,Man clip water.
0,Bottle ejaculate gas.
1,Hand peel apple.
0,Elephant tug pea.
1,Spatula flatten worm.
0,Worm wrestle student.
0,Ant throw dog.
1,Hay construct house.
1,Enemy choke squirrel.
0,Rock yank skyscraper.
0,Table squirt water.
0,Tube squirt pen.
1,Arm hold monkey.
0,Woman dump wind.
1,Donkey kick sand.
0,Cup kiss remote.
0,Lion create girl.
1,Scissors crop pants.
0,Worm open door.
0,House absorb air.
1,Man wrestle gorilla.
0,Hand wear carpet.
0,Girl clench water.
0,Air warm cream.
0,Finger trim pillow.
0,Worm lengthen dough.
0,Man drive skyscraper.
1,Fist tap finger.
1,Pot beat hands.
0,Student choke banana.
1,Dolphin kiss fish.
0,Marker fuse house.
1,Bug climb mountain.
1,Girl create infant.
1,Water wet book.
1,Mouth chew apple.
1,Clown erect pen.
1,Cup pour sand.
1,Calculator count cup.
0,Girl pluck cream.
0,Clown choke chair.
1,Woman vomit pea.
0,Hand hurl air.
0,Shovel flip mountain.
1,Child film water.
1,Policeman count cat.
0,Girl peel key.
1,Boy punch box.
1,Policeman shake door.
0,Brother hurt book.
1,Girl count rice.
0,Laptop pet rabbit.
0,Crow snatch tree.
0,Bug film man.
1,Pipe leak water.
1,Lion wrestle bear.
1,Teeth chew lip.
0,Crane lift pea.
1,Dog puff vapor.
0,Horse create skyscraper.
1,Fist break hand.
0,Man flip air.
0,Elephant ride monkey.
1,Car flatten cup.
1,Woman whisk milk.
1,Fox snatch pen.
1,Clown halt person.
0,Hand grope air.
0,Hand stretch knife.
0,Man hit lake.
1,Man wrestle dog.
1,Chef bend pin.
1,Shark kill girl.
0,Women kiss smoke.
1,Beak scratch hand.
0,Monkey fry cake.
0,Shirt erase house.
0,Paper sharpen knife.
1,Clown catch baboon.
1,Infant strike ball.
1,Cloth absorb oil.
1,Sword fracture bone.
1,Tiger heave horse.
1,Shirt catch knife.
1,Woman tug man.
0,Girl cover wind.
1,Spoon bend paper.
0,Man push air.
1,Cat stomp worm.
1,Woman wrestle student.
1,Bear bury dentist.
1,Laptop absorb oil.
0,Cup trim rabbit.
0,Hand grab house.
1,Girl kill dog.
1,Car push bear.
0,Woman dump air.
1,Clown climb house.
1,Tongue lick bear.
0,Man clean mud.
1,Oil fry lizard.
1,Child jail monkey.
0,Dentist cook beer.
0,Pillow hurt man.
1,Bear smash glass.
1,Needle sew dress.
1,Chef create table.
1,Dog throw rabbit.
1,Girl flip rabbit.
0,Air chafe student.
0,Beaver build computer.
1,Cheetah eat apple.
0,Clown destroy air.
1,Cream fill tub.
1,Shovel erase paint.
0,Ant seize cat.
1,Screwdriver scrape plane.
1,Hand wear glove.
1,Finger hook shirt.
1,Cloth mask chair.
0,Rock film skyscraper.
1,Oven warm elephant.
0,Girl break smoke.
1,Man hurl woman.
0,Chair absorb pin.
1,Shovel drain sink.
0,Balloon leak rain.
0,Wind mask computer.
0,River fuse tie.
0,Girl burn desert.
1,Knife bend spatula.
0,House fill plate.
1,Man erect tree.
0,House cool bike.
1,Clown bite chair.
0,Fish breed cat.
1,Skyscraper vent smoke.
1,Worm drink mud.
0,Clown chill bear.
1,Infant puff smoke.
0,Monkey fill cup.
1,Fire warm water.
0,Pillow mask elephant.
0,Monkey rotate bus.
1,Elephant tear wool.
0,Horse ride cat.
1,Girl hurt leg.
1,Student vomit pebbles.
0,Dog sew curtain.
0,Spatula erect horse.
1,Woman drink beer.
1,Baboon toss ant.
1,Gorilla open wardrobe.
1,Bear snatch pen.
1,Man close window.
1,Policeman construct puzzle.
0,Infant toss bear.
1,Child drop paper.
0,Worm bend rabbit.
0,Knife slice knife.
0,Officer jail book.
1,Arm hook spatula.
1,Butterfly tug leaf.
1,Man poke bear.
1,Clown drive truck.
1,Tube ejaculate mud.
0,Infant steal air.
0,Lion wrestle tree.
1,Dog move infant.
0,Dog clip magazine.
1,Hand roll cup.
0,Wheel bake beans.
1,Clown cook monkey.
0,Dog attack scooter.
0,Monkey grasp water.
0,Child tackle car.
0,Cup dump elephant.
0,Knife damage oil.
1,Dentist whisk sauce.
0,Man stomp horse.
1,Girl whisk dust.
1,Hand yank bone.
0,Dog fish lion.
0,Dog film milk.
1,Tube squirt oil.
1,Monkey choke dog.
0,House draw pumpkin.
1,Dog eat cat.
1,Monkey grab hand.
0,Dog attack feather.
0,Hand scrape table.
0,Cat vomit man.
1,Girl clip dog.
1,Pen draw water.
0,Pebbles hurt ocean.
0,Wind crush pebbles.
0,Dog puff milk.
1,Snake curb door.
1,Girl clench hand.
0,Stick hook water.
1,Mole bury cup.
0,Wall hook dolphin.
1,Gorilla tick elephant.
0,Shovel dig wind.
0,Cotton sever cloth.
1,Dentist chafe chef.
1,Helicopter lift weight.
0,Gas drag cart.
0,Elephant stroke ant.
1,Hand fold shirt.
0,Sun beat cereal.
1,Dentist chop mud.
0,Hand throw air.
0,Ant hurl woman.
0,Chef burn water.
1,Child rotate ball.
1,Women kiss bottle.
1,Air poison girl.
0,Girl construct cream.
0,Monkey sew curtain.
0,Crow snatch air.
1,Monkey hug cat.
1,Monkey grasp ant.
0,Hand fasten house.
1,Net catch stick.
0,Skyscraper eat man.
1,Scissors scratch toe.
0,Man open rock.
0,Student chill water.
0,Zebra kill house.
0,Dirt clean house.
0,Rock fracture water.
1,Shovel scrape plate.
0,Stick sever chair.
0,Policeman clip laptop.
0,Rabbit capsize bush.
0,Cat pet table.
1,Butcher cut bread.
1,Bike break house.
1,Elephant stroke hay.
0,Infant pack truck.
0,Man stroke atom.
0,Stick slam rust.
0,Ant pack cake.
0,Pebbles dampen cloth.
1,Lion chew infant.
1,Finger yank pebbles.
1,Rock fracture plane.
1,Ant heave sand.
1,Mallet knead wool.
0,Shirt crop bush.
0,Stick rip rock.
1,Knife fracture table.
0,Arm hook skyscraper.
0,Water drag bag.
1,Hand throw monkey.
1,Chef chop wood.
1,Glue fuse laptop.
1,Clown bake infant.
1,Elephant squash boat.
0,Man stomp bear.
0,Elephant enter basket.
0,Ant wear carpet.
1,Child create table.
1,Tube puff air.
0,Saw chop water.
0,Dog beat water.
0,Hand throw smoke.
1,Fire warm laptop.
1,Ball strike bus.
1,Shovel scrape chair.
0,Car squash house.
0,Bush slash cleaver.
1,Chef capsize raft.
0,Shark kill lake.
1,Beak tap finger.
1,Witch bake turkey.
1,Rock slam chair.
0,Child wear tent.
1,Man pet baby.
0,Pipe pour house.
1,Girl choke dog.
0,Cat knit shirt.
1,Bear hug chair.
0,Ant stroke cream.
1,Stick fold shirt.
1,Cat kick girl.
1,Leopard drink oil.
0,Oil heat lake.
1,Man pull girl.
0,Man catch air.
0,Lion roll house.
1,Tube ejaculate oil.
1,Horse kick table.
0,House squirt milk.
1,Ice chill soda.
0,Cat jail girl.
0,Dolphin chafe air.
0,Cat construct skyscraper.
1,Bird construct nest.
0,Chef fry water.
0,Balloon leak rabbit.
1,Monkey haul cat.
0,Wind rub meat.
1,Stick hook stool.
0,Rabbit erect wall.
1,Dog drop cup.
0,Child slide dolphin.
1,Elephant spin scooter.
0,Chisel etch air.
1,Hand grip pan.
1,Desert absorb water.
1,Child snatch spatula.
1,Hammer flatten apple.
1,Dentist fry egg.
1,Woman smash cat.
1,Student knead clay.
1,Kid squash apple.
1,Ball strike car.
0,Man pack smoke.
1,Elephant heave log.
1,Elephant chew turtle.
0,Girl damage wind.
0,Chair yank arm.
1,Man chop rabbit.
1,Nail slash skin.
0,Table vent air.
0,Sword hurt house.
0,Monkey drop elephant.
1,Man roll dumbbell.
0,Rabbit crash plane.
1,Boat shake canoe.
1,Hammer smash plastic.
0,Chef fish house.
1,Child swallow nail.
1,Monkey kiss bottle.
1,Boat shake laptop.
0,Student breed rock.
1,Car pull truck.
1,Horse carry cream.
0,Oil wet oil.
0,Truck haul feather.
1,Policeman clean rice.
0,Ant heave pumpkin.
0,Crab push cloud.
0,Child spin car.
1,Balloon leak smoke.
0,Dentist bite air.
1,Shark fish pole.
0,Worm knead elephant.
0,Water warm fire.
1,Eraser erase rust.
1,Stick scratch girl.
1,Finger stroke cup.
0,Rabbit catch bird.
0,Sand cut smoke.
0,Dog fold table.
0,Hand grab skyscraper.
0,Pencil hang gorilla.
1,Mouse enter cup.
0,Scissors damage water.
1,Knife hurt foot.
0,Mud knead water.
1,Wolf strike car.
1,Man attack cat.
1,Boat hurl ship.
1,Man snatch rabbit.
0,Girl climb oil.
1,Milk wet wool.
1,Dog enter box.
1,Finger rub potato.
0,Man erect water.
1,Rock sharpen scissors.
1,Pen dig dirt.
1,Chisel etch skyscraper.
0,Bottle spill smoke.
0,Air kill worm.
0,Plane enter room.
1,Net catch ball.
0,Ant roll log.
0,Ship vent milk.
1,Hand close book.
0,Cat pet cup.
1,Monkey steal cloth.
1,Monkey fill bucket.
1,Gorilla hug dog.
0,Girl catch desert.
1,Ant tackle worm.
1,Lion wrestle elephant.
0,House cool train.
1,Student erect wall.
1,Man lengthen string.
1,Shark fish fish.
1,Cup cook egg.
0,Car fill sink.
1,Bottle spill beans.
0,Dog stretch chair.
1,Gorilla roll log.
0,Pillow crop plant.
0,Hand grope wind.
0,Rope attach string.
0,Woman grasp house.
0,Rabbit toss student.
1,Girl lengthen pillow.
0,Air kill ant.
1,Train crash bike.
1,Beak tap chair.
0,Sword fracture air.
1,Scissors fix car.
1,Rock break pebbles.
1,Horse cover child.
0,Bat strike oil.
0,Bus cool air.
1,Crane lift bar.
0,Cat swallow man.
0,Knife trim pebbles.
0,Girl ride needle.
0,Monkey break lake.
1,Gorilla grab apple.
1,Man fix boat.
1,Baboon steal cake.
1,Broom clean room.
1,Knife fracture chair.
1,Hand peel wallpaper.
1,Dirt fill sink.
1,Boat pull truck.
0,Closet contain house.
1,Tube squirt cream.
0,Dog destroy rain.
0,Hand fasten elephant.
0,Vapor tap floor.
0,Oil heat water.
0,Worm stretch pillow.
1,Bike capsize cup.
1,Woman build frame.
0,Oil rub rock.
0,Ant tackle boat.
0,Soil absorb rain.
1,Woman film sofa.
1,Baboon ride camel.
0,Stove chill table.
0,Child tug car.
0,Girl eat shovel.
0,Man toss smoke.
1,Pipe ejaculate cream.
0,Infant snatch car.
0,Desert absorb rubber.
1,Child grip bread.
0,Hay construct boat.
0,Dog lick smoke.
1,Knife erase text.
0,Infant grip water.
1,Glue fuse metal.
0,Infant sew boat.
0,Ant smash pebbles.
1,Sword sharpen pencil.
1,Stick fold cloth.
0,Bird stretch pebbles.
0,Wolf chew skyscraper.
0,Dog stomp gorilla.
0,Nail slash rock.
1,Girl chew dust.
1,Scissors trim rabbit.
0,Octopus grope cream.
0,Rabbit seize elephant.
0,Hair shake rock.
1,Man stroke cat.
0,Man count mud.
1,Water wet purse.
0,Cat knit rug.
0,Spatula flatten wheel.
1,Knife cut shirt.
1,Horse flip dog.
1,Woman exhale smoke.
1,Man ride scooter.
1,Boat contain dog.
1,Monkey move pebble.
1,Sun warm pebbles.
0,Infant exhale house.
0,Elephant tick ant.
1,Ant heave pea.
0,Crane lift paper.
1,Wolf lick frosting.
0,Man close rock.
0,Girl bite lake.
0,Man chafe water.
1,Boot flatten shirt.
0,Man choke elephant.
1,Boat contain lion.
0,Room vent milk.
0,Wool sever shirt.
1,Child slam door.
0,Brother hurt chair.
1,Oven heat food.
0,Dog pluck pumpkin.
1,Oven warm food.
0,Tree leak gas.
1,Monkey construct nest.
1,Grandma sew mittens.
1,Ape kiss bear.
0,Fist break rock.
1,Donkey kick mud.
1,Pipe puff air.
1,Ice cool girl.
0,Rock sharpen milk.
0,Rabbit grip dog.
1,Shirt absorb milk.
0,Foot squash tree.
0,Hair hurl truck.
1,Man exhale air.
0,Man haul elephant.
1,Monkey rotate pen.
1,Infant crush worm.
1,Car smash chair.
0,Ant build castle.
1,Man fry apple.
0,Saw mince oxygen.
1,Man tackle woman.
1,Knife sharpen log.
0,Elephant rotate sand.
0,Cat wrestle pin.
0,Rock yank house.
1,Tongue lick wound.
0,Smoke hit brother.
1,Rope fasten gorilla.
0,Tree lick frosting.
0,Fish shove elephant.
1,Spatula peel orange.
0,Casket cover ground.
0,Lake chill moon.
1,Nose puff smoke.
0,Bug curb elephant.
1,Balloon leak air.
0,Water dump oil.
0,Scissors erase lake.
1,Chef drink milk.
0,Infant bend rock.
0,Paper tick table.
0,Dolphin build house.
0,Club crush water.
0,Man slam smoke.
1,Mouth puff smoke.
0,Child whisk book.
0,Butterfly tackle rabbit.
1,Elephant spin car.
1,Girl construct building.
0,Cat pluck pumpkin.
0,Car pull mountain.
0,Worm fold pillow.
0,Wool damage shirt.
1,Tree curb train.
0,Dog haul air.
1,Man seize infant.
0,Lake fuse tie.
0,Man kill book.
0,Man dampen air.
1,Bed poke baby.
1,Gorilla stretch snake.
0,Book trim rabbit.
1,Man attach letter.
1,Dog carry scissors.
0,Man destroy water.
0,Worm rotate cat.
0,Bottle leak cup.
0,Pebbles fasten air.
1,Elephant vomit man.
0,Sidewalk poke arm.
0,Arm fasten house.
0,Hand stretch scissors.
1,Man clench eye.
1,Elephant tug bus.
0,Paper burn air.
1,Man dig sand.
0,Elephant film cake.
0,Water curb bike.
0,Tube ejaculate chair.
0,Chef destroy wind.
1,Man cook bug.
0,Lake beat rust.
0,Horse drag house.
0,Pillow construct boat.
0,Gorilla heave paper.
1,House vent smoke.
1,Man swallow ant.
1,Wolf bite tongue.
0,Hand spin wall.
1,Gorilla grab pin.
0,Water carry pebbles.
1,Woman wear shirt.
0,Man choke ant.
1,Girl chop monkey.
1,Worm eat chicken.
0,Elephant move ocean.
1,Girl enter room.
0,Ant sew curtain.
0,Needle knit table.
0,Raft carry ship.
1,Arm hold dog.
1,Man enter house.
0,Boat hurl skyscraper.
1,Bat strike car.
0,Man drive elephant.
1,Girl drain water.
1,Hammer flatten cake.
0,Child dump hill.
0,Screwdriver scrape sand.
0,Baker bake chair.
1,Lion lick frosting.
0,Child slide ship.
0,Bear vomit tree.
0,Girl crush pillow.
1,Bear wrestle horse.
1,Rice bury bike.
1,Woman tug chef.
0,Cup cover house.
0,Cup crop rock.
1,Glue fuse table.
0,Lion slide tree.
0,Hand hold air.
0,Dagger mince oil.
0,Brother heave paper.
0,Man eat computer.
1,Brick mince bread.
0,Man curb air.
0,Rabbit clench elephant.
1,Elephant swallow girl.
0,Man grab elephant.
1,Rabbit chew carrot.
0,Beak tap air.
0,Kangaroo kick smoke.
1,Belt fasten lion.
1,Girl bake beans.
1,Cat strike ball.
0,Infant rotate house.
1,Man haul woman.
1,Barber drain swamp.
0,Ant heave box.
1,Belt fasten spatula.
1,Student jail woman.
1,Gorilla choke infant.
0,Spatula crash bike.
0,Zebra kill skyscraper.
0,Dog cook turkey.
0,Policeman wear water.
0,Brush break chair.
0,Chef cover cloud.
0,Arm hook house.
0,Car fill cup.
1,Hand tear shirt.
0,Cat exhale pillow.
1,Lion smash glass.
0,Man beat dress.
0,Child roll table.
1,Boat carry mud.
1,Chef beat clown.
1,Pipe pour gas.
1,Kangaroo kick table.
1,Faucet squirt mud.
1,Pipe ejaculate water.
1,Wind chill table.
1,Bone fracture candy.
0,Man flip elephant.
0,Laptop absorb rock.
0,Ant lengthen dough.
0,Pitcher pour laptop.
1,Elephant tear tree.
0,Elephant haul nail.
0,Truck move vapor.
1,Dog fill bucket.
1,Grape poison bird.
1,Girl film sofa.
1,Child open window.
0,Worm bend lion.
1,Belt fasten dog.
1,Dog move cat.
1,Lion move horse.
0,Rope attach letter.
1,Torch burn cloth.
1,Leather feed worm.
0,Lion draw phone.
0,Cloth erase air.
1,Monkey swallow pin.
0,Bone capsize boat.
1,Chef fry egg.
1,Student lengthen rubber.
0,Boxer attack axe.
0,Wool crush rock.
0,Dog vomit cat.
1,Girl erect wall.
1,Villain bake cookies.
1,Clown pluck string.
1,Hay bury laptop.
1,Horse break laptop.
1,Fire warm log.
0,House punch wall.
0,Map attach string.
1,Rock fracture leg.
1,Clown whisk egg.
0,Water dampen water.
0,Hand trim pillow.
0,Man bury air.
1,Grass fill tub.
1,Man pack bag.
0,Moon cool oil.
0,Pin knit table.
0,Cloth hurt foot.
1,Chef cut leaf.
1,Man clench wallet.
1,Child stomp grape.
0,Finger hook lion.
1,Student drive tractor.
0,Wind cut oil.
0,Bush leak gas.
1,Man choke bird.
0,Lake fuse shirt.
1,Barber clip book.
1,Stick hang paper.
1,Sand create house.
1,Man create door.
0,Shirt damage pebbles.
1,Toe stroke hand.
0,Man slide car.
1,Dog lick grape.
1,Ice chill oil.
0,Paper sharpen pencil.
1,Cat exhale air.
1,Sword slash cloth.
1,Pitcher pour water.
1,Chef lengthen rubber.
1,Freezer cool water.
1,Oil dampen book.
0,Giraffe bake cake.
0,Arm hold house.
0,Sword slice sand.
0,Ant swallow pin.
0,Bug curb lion.
1,Child fish spatula.
1,Man sew curtain.
0,Pillow scrape chair.
0,Man tear knife.
1,Girl cut chair.
0,Girl chill chair.
1,Hand tear cloth.
1,Oven destroy cake.
1,Paper tick rabbit.
1,Elephant throw bus.
0,Tube ejaculate bird.
1,Stick hang book.
0,Oil curb boat.
0,Infant fix man.
1,Man kick dog.
1,Cat squash grape.
1,Man spill milk.
1,Girl pluck potato.
1,Bottle ejaculate water.
1,Ice cool man.
0,Woman feed wall.
0,Building crash bike.
1,Gorilla ride camel.
1,Cat fold silk.
0,Cloth absorb concrete.
0,Hand shove milk.
1,Cup pour mud.
0,Snow curb house.
1,Elephant wear carpet.
1,Elephant throw car.
0,Elephant ride cat.
1,Knife clip paper.
1,Heat fuse bone.
0,Woman fry car.
1,Knife rip paper.
1,Building vent smoke.
0,Paper slash pillow.
0,Boy pluck ant.
1,Dentist breed gorilla.
1,Water fill cup.
0,Student knit paper.
0,Chef close cake.
1,Girl capsize turtle.
1,Bowling crash laptop.
1,Man break arm.
0,Sand destroy flour.
1,Water fill plate.
1,Nail scratch paper.
0,Skyscraper heat air.
1,Spatula dig mud.
0,Water dig wool.
0,Hand cut gas.
1,Claw wear glove.
0,Dog heat moon.
0,Hair shake canoe.
1,Glue attach sticker.
1,Man drop water.
0,Man feed pebbles.
0,Rabbit erect skyscraper.
0,Dog exhale pillow.
1,Man snatch infant.
0,Man crop air.
1,Wolf snatch child.
0,Dog shake elephant.
1,Man rotate cat.
0,Hand stretch dumbbell.
1,Man steal knife.
0,Dog construct building.
0,Man halt elephant.
1,Sword slice table.
1,Kid squash fruit.
1,Cake feed rabbit.
0,Elephant draw phone.
1,Needle poke rice.
0,Rabbit drain ocean.
1,Room vent oxygen.
0,House contain tornado.
0,Man eat laptop.
1,Girl lengthen string.
0,Oil lengthen cord.
0,Monkey hug pea.
0,Turtle feed arm.
1,Child draw gun.
1,Scissors mince paper.
1,Spider poison fox.
0,Spatula grope cloud.
1,Child sew rug.
1,Child shake cup.
1,Man construct building.
0,Snow warm water.
1,Child pack leaf.
0,Freezer chill ice.
0,Bone fracture oil.
1,Man kill dog.
1,Pen pierce shirt.
0,Ant shove lion.
1,Dog steal pebbles.
0,Hose squirt rock.
1,Brother hurt leg.
1,Mouse enter basket.
0,Skyscraper punch wall.
0,Chef create sun.
1,Policeman heave bag.
1,Woman drink milk.
0,Girl erect water.
1,Knife damage rabbit.
0,Hand grope cloud.
0,Cord attack air.
0,Infant carry gorilla.
1,Cat pet dog.
0,Student lengthen house.
0,Hand stretch rock.
0,Pencil hang horse.
1,Rock sharpen nail.
0,Woman grab water.
1,Mother clean house.
1,Man pet infant.
0,Man flip lion.
0,Woman slide water.
1,Spatula capsize pan.
0,Rabbit drink air.
1,Child fish branch.
0,Dog clean cloth.
0,Basket capsize ship.
0,Dog heat sand.
0,Wall halt air.
0,Butterfly whisk rock.
0,Wind mask laptop.
0,Man burn ice.
1,Knife fracture glass.
0,Rope fasten water.
1,Scissors peel banana.
1,Hand smash laptop.
0,Spatula attach string.
0,Sword slice air.
0,Freezer warm foot.
1,Girl drive tractor.
0,Elephant push pin.
1,Elephant slide car.
0,Horse steal skyscraper.
0,Bush attack water.
0,Basket carry house.
1,Woman fry turtle.
1,Glove hold stick.
0,Cat jail woman.
0,Horse ride dog.
0,Man cover air.
1,Pen draw oil.
0,Gorilla enter basket.
1,Knife sever arm.
0,Air dig lake.
1,Rice fill cup.
1,Hammer smash bone.
0,Rock fracture pillow.
0,Table vent gas.
0,Air poison banana.
0,Oil tap floor.
0,Worm spin ball.
1,Women kiss girlfriend.
1,Knife kill ant.
1,Dog clench rabbit.
0,Lion drive car.
1,Bottle leak oil.
1,Child count hair.
0,Ant curb scooter.
1,Chef flip table.
1,Meat absorb water.
1,Wolf bend chair.
1,Man move chair.
1,Chef drain pond.
1,Dog lick tongue.
1,Wind chill girl.
0,House squirt rust.
1,Octopus grope curtain.
0,Ant hold cup.
0,Rope pour milk.
1,Infant film water.
0,Chef choke laptop.
1,Pet carry hat.
0,Apple catch lion.
1,Chef film laptop.
1,Stairs curb scooter.
0,Car crush air.
0,Oil cut policeman.
0,Cloud poke bread.
1,Cheetah eat grape.
0,Lion ride bowl.
0,Bowl spill chair.
0,Octopus grope soda.
0,Nose pull rope.
1,Ape kiss woman.
0,Woman lengthen knife.
0,Plant bury book.
1,Pillow rub pebbles.
0,Hand grip oven.
0,Hair mince dough.
0,Pea kick air.
1,Women kiss girl.
0,Woman fix air.
0,Man vent air.
0,Man grip horse.
0,Policeman grope fire.
1,Knife hurt gorilla.
1,Child spin cat.
1,Horse toss student.
0,Water drag bike.
1,Water feed dog.
1,Dog push cup.
1,Child slide book.
1,Chef drag wood.
1,Policeman hold cup.
1,Man jail dog.
0,Pillow crash scooter.
0,Rope yank vapor.
1,Toe push door.
0,Shirt hurt foot.
0,Cloth erase house.
1,Knife tear paper.
1,Fist punch wall.
1,Pen pierce pillow.
1,Finger rub plastic.
1,Axe attack boxer.
1,Girl toss turtle.
1,Girl drink beer.
0,Ant kiss fish.
1,Knife poke finger.
1,Dentist clip hay.
0,Monkey rotate car.
0,Stick hook cream.
1,Cat enter box.
0,Woman flip cream.
0,Rabbit film water.
0,Hand snatch car.
0,Crab lift horse.
0,Cat vomit infant.
0,Bullet pierce earring.
1,Child fry mosquito.
1,Man pluck string.
0,Infant spill apple.
1,Car hit brother.
1,Man haul girl.
1,Child scrape table.
1,Dog exhale air.
0,Wood fracture pebbles.
1,Infant hug door.
0,Student eat lava.
1,Monkey chew rice.
0,Brick hurt ocean.
1,Finger hang crab.
1,Pin tick rabbit.
0,Lion stomp air.
0,Cotton sharpen glass.
0,Girl enter cup.
1,Pillow cover pea.
0,Water catch ball.
0,Pillow clip paper.
0,Rock slam sand.
1,Giraffe lick frosting.
0,Bird build car.
1,Arm hook rod.
1,Knife dig ground.
1,Basket carry hat.
1,Dagger mince paper.
0,Pipe leak rock.
1,Woman flip table.
0,Hook hang house.
1,Mud cover girl.
1,Finger lengthen cord.
1,Car push lion.
1,Clown slam window.
1,Purse catch pin.
1,Child pack pencil.
1,Toe stroke dentist.
0,Infant tear tree.
0,Woman whisk air.
0,Knife etch oil.
1,Bear bite girl.
1,Stone break window.
1,Child knit shirt.
0,Ant mask water.
0,Hand roll chair.
1,Shovel flip monkey.
1,Pipe leak milk.
1,Bear pet horse.
0,Hand hold smoke.
1,Knife slice hand.
0,Purse sew rug.
1,Man fish ice.
1,Sword slash shirt.
0,Hand slice dog.
0,Horse grasp elephant.
1,Mallet mince log.
1,Rock attack victim.
0,Woman vomit dumbbell.
1,Laptop kill rabbit.
1,Bag contain rabbit.
1,Dog tackle cat.
0,Wool halt traffic.
1,Water dampen rock.
0,Hose squirt beans.
1,Man fix machine.
1,Stove destroy apple.
0,Ant open door.
0,Knife trim rock.
0,Hand rip cream.
0,Monkey clench house.
1,Child close bottle.
1,Man move table.
1,Arms bend flowers.
1,Laptop damage cup.
0,Cat close chair.
1,Dentist drive van.
0,Beak tap cloud.
1,Chef construct table.
0,Lion clean smoke.
0,Rice pierce board.
0,Fox snatch horse.
1,Box spill legos.
0,Hand seize milk.
1,Sponge absorb rain.
1,Man kick elephant.
0,Horse bake bear.
1,Girl create skyscraper.
0,Cat fry cake.
0,Man erect wind.
0,Spider attach rope.
1,Hand spin cup.
0,Man lift leaf.
1,Man whisk sauce.
1,Woman knit shirt.
0,Tree kiss chef.
0,Monkey drink air.
1,Knife rip purse.
1,Man hit hay.
1,Ant build wall.
0,Cat lift horse.
1,Pen etch cake.
1,Rope hurl trolley.
1,Finger tick dog.
0,Elephant shake air.
0,Toe stroke cloud.
1,Rope fasten cat.
0,Man break air.
1,Cat pet monkey.
1,Bucket dump dirt.
1,Dentist capsize canoe.
1,Infant tug basketball.
0,Nail slash pebbles.
0,Girl create air.
0,Man toss air.
0,Man bend elephant.
0,Child chew horse.
1,Bear pet dolphin.
1,Infant create dust.
1,Lion slide kid.
1,Claw seize beans.
1,Chef draw pumpkin.
1,Lion vomit cat.
1,Skyscraper leak gas.
0,Air freeze fire.
1,Knife kill infant.
0,Paper sharpen plastic.
1,Girl slide ice.
1,Arms bend leg.
0,Hand shove smoke.
1,Man grip bush.
0,Cow open dog.
0,Man hit water.
1,Nose exhale air.
1,Hand stretch rabbit.
1,Child throw cup.
1,Woman drop grass.
1,Cat wrestle dog.
0,Pillow hurt head.
0,Gorilla grasp water.
1,Policeman breed bird.
0,Fork erect horse.
1,Freezer freeze rabbit.
0,Book kiss remote.
0,Chef jail air.
1,Man damage glass.
1,Crow snatch pebbles.
1,Wolf bite nail.
0,Horse steal house.
1,Chef bake cookie.
0,Rabbit jail book.
1,Rabbit grasp ant.
1,Pen tear shirt.
0,Bear lick cloud.
0,Cake hit fire.
0,Air erase stain.
0,Woman grip wind.
0,Man erect air.
0,Stick hang cream.
0,Girl pluck sand.
1,Pet carry food.
0,Saw mince air.
1,Desk hit bowling.
1,Infant grasp hand.
1,Pipe pour water.
0,Box spill chair.
0,Bowl dump elephant.
1,Dog slide pebbles.
1,Chef film man.
0,Table puff smoke.
1,Air chill man.
0,Pipe leak brick.
1,Girl attach letter.
0,Shovel dump house.
1,Gorilla bend fish.
1,Knife tear rug.
0,Rabbit clean air.
1,Hand grope girl.
1,Shirt clean stairs.
0,Man roll bus.
1,Girl knead pillow.
0,Chair crush water.
0,Skyscraper fill plate.
1,Pillow mask rabbit.
0,Lion wear boat.
0,Rabbit move gorilla.
1,Clown crop bush.
0,Rice slash pillow.
1,Knife cut pillow.
0,Ant throw cat.
1,Child steal cake.
0,Infant grab elephant.
1,Dentist burn grape.
0,Dentist attach string.
1,Rope drag trash.
1,Wife clean laundry.
1,Girl drag purse.
0,Air draw picture.
0,Bug climb air.
1,Faucet squirt water.
1,Water wet scissors.
1,Chair absorb water.
0,Man tick box.
1,Man bury corpse.
0,Cup bury sand.
1,Cat toss ant.
1,Cup pour rice.
1,Fist clench fist.
0,Bug fold pillow.
0,Bear hug worm.
0,Girl destroy oil.
1,Faucet pour milk.
0,Dumbbell tick table.
0,Infant chew turtle.
1,Man steal crab.
0,Crab vent smoke.
0,Dolphin grip dog.
1,Scissors damage shirt.
0,Child fix man.
0,Child tackle bus.
0,Wood knead water.
0,Table yank arm.
1,Air chill water.
1,Man fish bike.
1,Child crush bug.
0,Child count oil.
1,Needle hurt rabbit.
0,Shovel peel milk.
1,Ice freeze rock.
1,Knife sever bear.
1,Cloth erase mud.
0,Finger scratch milk.
1,Aeroplane crash car.
0,Horse tackle elephant.
0,Sand break pillow.
1,Shovel flip dog.
1,Water wet bag.
1,Stick slam cat.
0,Camel ride bike.
1,Man build cup.
0,Air chafe girl.
0,Cat clip house.
1,Elephant drop lion.
1,Stick poke arm.
1,Beans attack horse.
1,Horse throw man.
0,Man pack air.
0,Rock dampen cloth.
0,Woman vomit cat.
0,Ant shove horse.
1,Cat wrestle rabbit.
0,Kid carry chef.
0,Casket cover lake.
1,Hand roll bottle.
0,Chisel scrape oil.
1,Cat bite rabbit.
1,Cloth catch pea.
1,Scissors crop paper.
0,Spatula scrape smoke.
1,Monkey stroke cat.
0,Girl choke elephant.
0,Can contain building.
1,Glove hold earplug.
0,Hand clench desk.
1,Hand shove monkey.
1,Cup beat gorilla.
1,Elephant squash bus.
1,Dog seize cat.
0,Rabbit build car.
0,Rain scratch arm.
0,Cream crash house.
1,Pebbles crush box.
0,Clown bite water.
1,Fist punch dumbbell.
0,Man pet house.
1,Pipe drain lake.
1,Nail sever dough.
1,Dog break plate.
1,Finger hook cup.
0,Horse tug air.
0,Map attach note.
0,Chair bake chef.
1,Spatula flatten bug.
1,Scissors rip shirt.
1,Student whisk gravy.
1,Hand grab shirt.
0,Hair mince vapor.
1,Pipe vent air.
0,Cream sharpen glass.
0,Sun freeze rock.
1,Man burn rug.
0,Wrestler lift elephant.
1,Worm drink gravy.
1,Man drag oven.
1,Child shove book.
1,Car smash table.
0,Car push air.
1,Pitcher pour cream.
1,Truck dump gravel.
0,Horse wear boat.
1,Finger spin beans.
0,Hand peel rock.
1,Hook hang pumpkin.
1,Horse yank arm.
0,Ant rotate cat.
1,Man push plastic.
1,Legs drag bag.
1,Scissors slice dough.
1,Apple beat turtle.
0,Dog drive car.
1,Chef erect cake.
0,Dog stretch table.
1,Student breed cow.
0,Man throw bus.
0,Worm heave boat.
1,Wall halt person.
1,Brick hurt dog.
1,Chef drag stove.
0,Camel enter bottle.
1,Policeman crop tree.
0,Barrier halt house.
1,Hand grope stranger.
0,Girl crop air.
0,Air break pillow.
1,Sun warm skin.
1,Claw rip wool.
1,Tree build house.
1,Woman fix tire.
0,Ant snatch rabbit.
1,Person grope arm.
1,Elephant drop rabbit.
0,Man grip elephant.
1,Cloth rub rubber.
0,Chef pack elephant.
1,Boxer attack robber.
1,Officer jail clown.
1,Man feed chicken.
1,Barrier halt person.
0,Shirt mask elephant.
0,Boat enter room.
0,Rain bury scooter.
0,Dog whisk egg.
1,Infant ride horse.
1,Girl feed dog.
1,Chef bake butterfly.
1,Monkey hug rabbit.
1,Chef drain lake.
0,Scooter spill shirt.
0,Shirt absorb sand.
1,Cake hit table.
1,Lion swallow dog.
0,Worm heave door.
1,Child haul cat.
1,Elephant move horse.
0,Rabbit fix car.
0,Tube ejaculate rock.
1,Beak scratch apple.
0,Grass destroy house.
0,Cotton damage pillow.
0,Ant lift weight.
1,Cleaver slice dog.
1,Brick construct boat.
1,Rope drag purse.
1,Scissors slash paper.
0,Clown lengthen knife.
0,Rabbit burn ham.
0,Knife chop rock.
1,Axe chop chair.
1,Plane contain shells.
0,Oil wet oxygen.
0,Elephant stomp air.
0,Rabbit grasp elephant.
0,Bed poke oil.
1,Writer draw pumpkin.
0,Witch bake air.
0,Table squirt oil.
0,Book sharpen knife.
1,Man halt person.
1,Brick kill rabbit.
1,Ac cool chair.
1,Policeman spill milk.
0,Man drive house.
1,Rabbit drink milk.
0,Ant tackle cat.
0,Screwdriver scrape lake.
0,Worm fish shark.
0,Girl chop smoke.
1,Rabbit drink soda.
1,Girl fry turtle.
0,Elephant pull atom.
1,Child wear cloth.
0,Bear construct cat.
0,Water dump water.
0,Wind rip dough.
0,Feather crush rock.
1,Knife trim rope.
1,Feather tick bear.
0,Smoke draw illustration.
1,Hand stretch arm.
1,Monkey shove dolphin.
0,Man feed remote.
1,Dentist pluck potato.
0,Infant pull air.
1,Air poison rabbit.
0,Boy punch air.
0,Ant toss pebbles.
0,Man climb rabbit.
1,Bowl contain knife.
1,Infant rotate ball.
1,Stick slam monkey.
1,Hand leak blood.
1,Finger hang rabbit.
0,Spatula poke air.
0,Man chill juice.
1,Arm fasten girl.
0,Stick shove cream.
1,Stick poke trash.
0,Son catch house.
0,Man throw car.
0,Lion fill bowl.
0,Sidewalk poke rust.
0,Spoon bend desert.
0,Wolf slide tree.
0,Spatula knead water.
1,Finger hit pillow.
1,Finger stretch rope.
0,Wind feed man.
0,Man chew rock.
1,Monkey grasp bat.
1,Hand yank teeth.
1,Baboon slam cup.
1,Claw seize pebbles.
1,Boy pluck feather.
0,Table rub rain.
1,Infant open closet.
0,Bear strike air.
1,Man film jeans.
1,Man hit remote.
0,Man lengthen pebbles.
0,Cat create grape.
1,Bike crush bush.
0,Policeman bite oil.
0,Man fry air.
0,Table heat cup.
0,Man cook oven.
1,Chisel etch house.
1,Hand fold pillow.
0,Ant heave dumbbell.
1,Hand grab cloth.
1,Freezer freeze man.
1,Woman feed dog.
0,Rabbit curb train.
1,Knife mince purse.
0,Water close bottle.
1,Scissors fracture bone.
0,Smoke catch rock.
1,Oven bake fish.
1,Monkey carry grape.
0,Arm fasten skyscraper.
1,Ice freeze monkey.
1,Faucet pour juice.
1,Worm climb hill.
0,Man stroke ant.
0,Toe push cloud.
0,Ice warm bush.
1,Air cool skyscraper.
1,Student dump dirt.
1,Rock crush box.
0,Elephant heave pea.
0,Worm move turtle.
1,Truck dump bush.
0,Wool clip dust.
1,Rope hook pan.
0,Bag contain tree.
1,Gorilla bury leaf.
1,Sidewalk curb wheels.
